,Company,Industry,Location,Followers
0,Apple,Consumer Electronics ," Cupertino, California",12.4M followers
1,Amazon,Internet ," Seattle, WA",16.7M followers
2,GE,Mechanical Or Industrial Engineering ," Boston, MA",3.9M followers
3,Chevron,Oil & Energy ," San Ramon, CA",3.1M followers
4,JPMorgan Chase & Co.,Financial Services ," New York, NY",2.3M followers
5,Walmart,Retail ," Bentonville, Arkansas",2.8M followers
6,Ford Motor Company,Automotive ," Dearborn, Michigan",2.8M followers
7,ExxonMobil,Oil & Energy,2.1M followers,
8,AT&T,Telecommunications ," Dallas, TX",1.3M followers
9,General Motors,Automotive ," Detroit, Michigan",2.4M followers
10,Microsoft,Computer Software ," Redmond, Washington",12.7M followers
11,Verizon,Information Technology & Services ," Basking Ridge, NJ",1.2M followers
12,UnitedHealth Group,Hospital & Health Care,902K followers,
13,CVS Health,"Health, Wellness & Fitness "," Woonsocket, RI",428K followers
14,Citi,Financial Services ," New York, New York",2.8M followers
15,Bank of America,Banking ," Charlotte, NC",1.6M followers
16,Costco Wholesale,Retail ," Seattle, WA",360K followers
17,McKesson,Hospital & Health Care ," Irving, Texas",329K followers
18,Cardinal Health,Hospital & Health Care ," Dublin, OH",388K followers
19,IBM,Information Technology & Services ," Armonk, New York, NY",9.2M followers
20,Wells Fargo,Financial Services ," San Francisco, California",1.2M followers
21,Boeing,Aviation & Aerospace ," Chicago, IL",2.1M followers
22,Kroger,Retail ," Cincinnati, Ohio",270K followers
23,HP,Information Technology & Services ," Palo Alto, CA",4.2M followers
24,The Home Depot,Retail ," Atlanta, Georgia",567K followers
25,Procter & Gamble,Consumer Goods ," Cincinnati, Ohio",5.1M followers
26,Foxconn,Information Technology & Services,173K followers,
27,Shell,Oil & Energy , The Hague,4.8M followers
28,DuPont,Chemicals ," Wilmington, DE",794K followers
29,Cisco,Computer Networking ," San Jose, CA",3.7M followers
30,Pfizer,Pharmaceuticals ," New York, New York",3.6M followers
31,PepsiCo,Food & Beverages ," Purchase, New York",4.9M followers
32,Facebook,Internet ," Menlo Park, CA",6.4M followers
33,Johnson & Johnson,Hospital & Health Care ," New Brunswick, NJ",5.8M followers
34,bp,Oil & Energy ," London, England",2.7M followers
35,Comcast,Telecommunications ," Philadelphia, PA",439K followers
36,Intel Corporation,Semiconductors ," Santa Clara, California",2.1M followers
37,The Walt Disney Company,Entertainment ," Burbank, CA",4M followers
38,Goldman Sachs,Financial Services ," New York, New York",2.3M followers
39,Target,Retail ," Minneapolis, MN",1.2M followers
40,Samsung Electronics,Consumer Electronics ," Suwon-Si, Gyeonggi-Do",2.8M followers
41,Total,Oil & Energy , Paris La D√©fense Cedex,3.2M followers
42,Hewlett Packard Enterprise,Information Technology & Services ," San Jose, California",3.2M followers
43,Lockheed Martin,Defense & Space ," Bethesda, MD",1.4M followers
44,Morgan Stanley,Financial Services ," New York, NY",1.5M followers
45,UPS,Logistics & Supply Chain ," Atlanta, GA",1.1M followers
46,"Anthem, Inc.",Insurance ," Indianapolis, Indiana",200K followers
47,Oracle,Information Technology & Services ," Redwood Shores, CA",6M followers
48,Caterpillar Inc.,Machinery ," Deerfield, IL",1.1M followers
49,Aramco,Oil & Energy , Dhahran,1.4M followers
50,AIG,Insurance ," New York, New York",668K followers
51,Booz Allen Hamilton,Management Consulting ," McLean, VA",437K followers
52,Valero Energy Corporation,Oil & Energy ," San Antonio, TX",178K followers
53,Toyota Motor Corporation,Automotive ," Toyota City, Aichi Prefecture",1.3M followers
54,United States Postal Service,Government Administration ," Washington, D.C.",240K followers
55,Nestl√©,Food & Beverages , Vevey,10.7M followers
56,State Farm ¬Æ,Insurance ," Bloomington, Illinois",355K followers
57,MetLife,Insurance ," New York, NY",577K followers
58,"Lowe's Companies, Inc.",Retail ," Mooresville, NC",444K followers
59,AXA,Insurance ," Paris, FR",826K followers
60,Volkswagen AG,Automotive ," Wolfsburg, Niedersachsen",877K followers
61,The Coca-Cola Company,Food & Beverages ," Atlanta, GA",5.6M followers
62,Nike,Sporting Goods ," Beaverton, OR",4M followers
63,FedEx,Package/Freight Delivery ," Memphis, TN",842K followers
64,Schlumberger,Oil & Energy ," Sugar Land, Texas",2.1M followers
65,Siemens,Industrial Automation , Munich,4M followers
66,Marathon Petroleum Corporation,Oil & Energy ," Findlay, Ohio",191K followers
67,HCA Healthcare,Hospital & Health Care ," Nashville, TN",398K followers
68,HSBC,Financial Services , London,2.3M followers
69,Bunge,Food Production ," Chesterfield, Missouri",421K followers
70,Allianz,Financial Services , Munich,513K followers
71,Huawei,Telecommunications ," Shenzhen, Guangdong",3.8M followers
72,Abbott,Hospital & Health Care ," Abbott Park, Illinois",2M followers
73,Humana,"Health, Wellness & Fitness "," Louisville, Kentucky",257K followers
74,Honeywell,Electrical & Electronic Manufacturing ," Charlotte, North Carolina",1.7M followers
75,3M,Mechanical Or Industrial Engineering ," St Paul, MN",1.5M followers
76,Merck,Pharmaceuticals ," Kenilworth, NJ",1.5M followers
77,Daimler AG,Automotive ," Stuttgart, Baden-W√ºrttemberg",728K followers
78,Prudential Financial,Financial Services ," Newark, New Jersey",234K followers
79,Mondelƒìz International,Food Production ," Greater Chicago Area, IL",1.6M followers
80,American Express,Financial Services ," New York, NY",1.3M followers
81,ConocoPhillips,Oil & Energy ," Houston, TX",953K followers
82,Cigna,"Health, Wellness & Fitness "," Bloomfield, CT",269K followers
83,Petrobras,Oil & Energy ," Rio de Janeiro, Rio de Janeiro",2.3M followers
84,Glencore,Mining & Metals ," Baar, ZG",312K followers
85,United Technologies,Aviation & Aerospace ," Farmington, CT",244K followers
86,ADM,Food Production ," Chicago, IL",238K followers
87,Medtronic,Medical Device ," Minneapolis, MN",1M followers
88,Sysco,Food & Beverages ," Houston, TX",197K followers
89,BMW Group,Automotive , Munich,1.6M followers
90,Unilever,Consumer Goods ," Blackfriars, London",11.6M followers
91,Macy's,Retail ," New York, NY",454K followers
92,Northrop Grumman,Defense & Space ," Falls Church, VA",758K followers
93,Banco Santander,Banking ," Boadilla del Monte, Madrid",1.1M followers
94,Capital One,Financial Services ," McLean, Va",472K followers
95,Best Buy,Retail ," Richfield, Minnesota",384K followers
96,Nissan Motor Corporation,Automotive ," Yokohama-shi, Kanagawa",947K followers
97,Eni,Oil & Energy ," Rome, Piazzale Enrico Mattei, 1",951K followers
98,American Airlines,Airlines/Aviation ," Dallas-Fort Worth, Texas",632K followers
99,Raytheon,Defense & Space ," Waltham, MA",559K followers
100,Delta Air Lines,Airlines/Aviation ," Atlanta, Georgia",721K followers
101,John Deere,Machinery ," Moline, IL",795K followers
102,Carrefour,Supermarkets ," Massy, √éle-de-France",750K followers
103,Liberty Mutual Insurance,Insurance ," Boston, MA",290K followers
104,The Kraft Heinz Company,Food & Beverages ," Chicago, IL",963K followers
105,Allstate,Insurance ," Northbrook, IL",246K followers
106,Travelers,Insurance ," New York, NY",286K followers
107,Google,Internet ," Mountain View, CA",19.1M followers
108,U.S. Bank,Banking ," Minneapolis, MN",287K followers
109,Northwestern Mutual,Financial Services ," Milwaukee, WI",230K followers
110,AbbVie,Pharmaceuticals ," North Chicago, Illinois",589K followers
111,Novartis,Pharmaceuticals ," Basel, Baselstadt",2.5M followers
112,Bosch,Information Technology & Services ," Gerlingen-Schillerh√∂he, Baden-Wuerttemberg",760K followers
113,Spectrum,Telecommunications ," Stamford , CT",179K followers
114,New York Life Insurance Company,Financial Services ," New York, New York",208K followers
115,USAA,Financial Services ," San Antonio, Texas",268K followers
116,Nationwide,Insurance,176K followers,
117,Vodafone,Telecommunications ," Newbury, Berkshire",1.6M followers
118,Deloitte,Management Consulting ," New York, NY",5.4M followers
119,General Dynamics,Defense & Space ," Reston, Virginia",213K followers
120,Accenture,Information Technology & Services , Dublin 2,5.9M followers
121,Deutsche Bank,Financial Services ," Frankfurt am Main, Hessen",1.2M followers
122,Bayer,Chemicals ," Leverkusen, North Rhine-Westphalia",3.2M followers
123,Roche,Biotechnology , Switzerland üá®üá≠ ,2M followers
124,Publix Super Markets,Retail ," Lakeland, Florida",152K followers
125,Enel Group,Utilities ," Rome, Italy",397K followers
126,BASF,Chemicals , Ludwigshafen,1.4M followers
127,Micron Technology,Semiconductors ," Boise, Idaho",282K followers
128,"The TJX Companies, Inc.",Retail ," Framingham, MA",202K followers
129,LinkedIn,Internet ," Sunnyvale, CA",13.2M followers
130,Tyson Foods,Food Production ," Springdale, AR",169K followers
131,Generali,Insurance,316K followers,
132,Dell,Information Technology & Services ," Round Rock, Texas",3.3M followers
133,Arrow Electronics,Information Technology & Services ," Centennial, Colorado",164K followers
134,BNP Paribas,Banking , Paris,880K followers
135,Groupe Cr√©dit Agricole,Banking , Montrouge,206K followers
136,Sony,Entertainment , Tokyo,715K followers
137,McKinsey & Company,Management Consulting,3.6M followers,
138,Harvard Business Review,Publishing,11.3M followers,
139,Tencent,Internet ," Shenzhen, Guangdong",781K followers
140,Tech Data,Information Technology & Services ," Clearwater, Florida",191K followers
141,Telef√≥nica,Telecommunications , Madrid,933K followers
142,Groupe Renault,Automotive , Boulogne Billancourt Cedex,898K followers
143,TED Conferences,Media Production ," New York, NY",18.5M followers
144,LG Electronics,Consumer Electronics , Seoul,632K followers
145,Ita√∫ Unibanco,Banking ," S√£o Paulo, S√£o Paulo",2.1M followers
146,Orange,Telecommunications , PARIS,738K followers
147,Cognizant,Information Technology & Services ," Teaneck, NJ",2.9M followers
148,BHP,Mining & Metals ," Melbourne, Victoria",666K followers
149,PETRONAS,Oil & Energy , Kuala Lumpur,864K followers
150,Airbus,Aviation & Aerospace , Blagnac Cedex,1.3M followers
151,Soci√©t√© G√©n√©rale,Banking , Paris,709K followers
152,Tesco,Retail ," Welwyn Garden City, Hertfordshire",424K followers
153,Dell EMC,Information Technology & Services ," Hopkinton, MA",1.1M followers
154,Lenovo,Information Technology & Services ," Beijing, Beijing",595K followers
155,US Army,Military ," Arlington, Virginia",1.1M followers
156,ArcelorMittal,Mining & Metals , L-1160 Luxembourg,468K followers
157,Forbes,Publishing ," Jersey City, NJ",15M followers
158,Starbucks,Retail ," Seattle, WA",2.1M followers
159,Reliance Industries Limited,Oil & Energy ," Navi Mumbai, Maharashtra",2M followers
160,Halliburton,Oil & Energy ," Houston, Texas",1.6M followers
161,Continental,Automotive , Hanover,803K followers
162,J.P. Morgan,Financial Services ," New York, NY",2.4M followers
163,Repsol,Oil & Energy ," Madrid, Madrid",545K followers
164,Xerox,Information Technology & Services ," Norwalk, CT",836K followers
165,Zurich Insurance Company Ltd,Insurance , Zurich,501K followers
166,GSK,Pharmaceuticals ," Brentford, Middlesex",2.4M followers
167,National Geographic,Publishing ," Washington, DC",2.9M followers
168,The Wall Street Journal,Newspapers ," New York, NY",8.2M followers
169,SAP,Computer Software ," Walldorf, BW",2.1M followers
170,Boston Consulting Group (BCG),Management Consulting ," Boston, Massachusetts",2.4M followers
171,Schneider Electric,Electrical & Electronic Manufacturing ," Rueil Malmaison, Paris",2.3M followers
172,Baker Hughes,Oil & Energy ," Houston, Texas",1.4M followers
173,Salesforce,Internet ," San Francisco, CA",2.4M followers
174,JBS,Food Production ," S√£o Paulo, S√£o Paulo",1.3M followers
175,BBVA,Banking ," Bilbao, Vizcaya",589K followers
176,TIME,Publishing ," New York, New York",1.8M followers
177,Business Insider,Online Media ," New York, New York",9.7M followers
178,United Nations,International Affairs ," New York, NY",3.2M followers
179,Entrepreneur Media,Publishing ," Irvine, CA",2.1M followers
180,The New York Times,Newspapers ," New York, NY",5.5M followers
181,Adobe,Computer Software ," San Jose, CA",2.5M followers
182,Bloomberg LP,Financial Services ," New York, NY",1.2M followers
183,Sanofi,Pharmaceuticals ," Paris, France",2.4M followers
184,Yahoo,Internet ," Sunnyvale, CA",674K followers
185,United States Air Force,Defense & Space ," Randolph AFB, TX",530K followers
186,ABB,Electrical & Electronic Manufacturing ," Zurich, ZH",2.2M followers
187,KPMG US,Financial Services ," New York, NY",856K followers
188,Banco Bradesco,Banking ," Osasco, S√£o Paulo",1.2M followers
189,CSC,Information Technology & Services , Global,557K followers
190,Tesla,Automotive ," Palo Alto, CA",6.9M followers
191,Hilton,Hospitality ," McLean, VA",1.3M followers
192,ManpowerGroup,Staffing & Recruiting ," Milwaukee, Wisconsin",1.7M followers
193,GE Healthcare,Hospital & Health Care , Chicago,1.5M followers
194,Danone,Food Production , Paris,2.1M followers
195,Mashable,Online Media ," New York, NY",899K followers
196,US Navy,Military ," Washington, DC",532K followers
197,thyssenkrupp,Mechanical Or Industrial Engineering , Essen,437K followers
198,Marriott International,Hospitality ," Bethesda, MD",1.6M followers
199,Merrill Lynch,Financial Services ," New York, NY",580K followers
200,Saint-Gobain,Building Materials ," Courbevoie, √éle-de-France",445K followers
201,GE Power,Oil & Energy ," Schenectady, NY",1.9M followers
202,Christian Dior Couture,Luxury Goods & Jewelry ," Paris, √éle de France",587K followers
203,VMware,Computer Software ," Palo Alto, CA",1.3M followers
204,EDF,Oil & Energy ," Paris, France",345K followers
205,ENGIE,Renewables & Environment ," Paris, La d√©fense",529K followers
206,Anheuser-Busch InBev,Consumer Goods , Leuven,456K followers
207,The Adecco Group,Human Resources ," Zurich, Zurich",1.2M followers
208,Twitter,Internet ," San Francisco, CA",1.1M followers
209,Bain & Company,Management Consulting ," Boston, MA",1M followers
210,Cargill,Food Production ," Wayzata, Minnesota",1.3M followers
211,McDonald's,Restaurants ," Chicago, Illinois",1.2M followers
212,Eli Lilly and Company,Pharmaceuticals ," Indianapolis, Indiana",1M followers
213,Kaiser Permanente,Hospital & Health Care ," Oakland, California",634K followers
214,Jacobs,Civil Engineering ," Dallas, TX",1.1M followers
215,Vale,Mining & Metals ," Rio de Janeiro, Rio de Janeiro",1.7M followers
216,State Bank of India,Banking ," Mumbai, Maharashtra",1.8M followers
217,Ogilvy,Marketing & Advertising ," New York, NY",1M followers
218,JLL,Real Estate ," Chicago, Illinois",1.1M followers
219,ADP,Human Resources ," Roseland, New Jersey",823K followers
220,Fluor Corporation,Construction ," Irving, Texas",672K followers
221,Credit Suisse,Banking , Zurich,879K followers
222,Nokia,Telecommunications ," Espoo, Southern Finland",1.1M followers
223,Bristol Myers Squibb,Pharmaceuticals ," Lawrence Township, NJ",812K followers
224,Bechtel Corporation,Construction ," Reston, Virginia",637K followers
225,Barclays,Financial Services , London,961K followers
226,Motorola Mobility (a Lenovo Company),Consumer Electronics ," Chicago, Illinois",429K followers
227,Kelly,Staffing & Recruiting ," Troy, Michigan",1.1M followers
228,AECOM,Civil Engineering ," Los Angeles, California",1M followers
229,Baxter International Inc.,Medical Device ," Deerfield, Illinois",627K followers
230,Johnson Controls,Mechanical Or Industrial Engineering ," Cork, Ireland",911K followers
231,Kimberly-Clark,Consumer Goods ," Irving, TX",859K followers
232,NetApp,Information Technology & Services ," Sunnyvale, California",533K followers
233,UBS,Financial Services , Zurich,883K followers
234,Fidelity Investments,Financial Services ," Boston, MA",538K followers
235,U.S. Department of Veterans Affairs,Government Administration ," Washington, DC",855K followers
236,The World Bank,International Trade & Development ," Washington, DC",1.4M followers
237,Robert Half,Staffing & Recruiting ," Menlo Park, CA",1.3M followers
238,GE Capital,Financial Services ," Norwalk, CT",369K followers
239,UNICEF,Non-profit Organization Management ," New York, New York",2.7M followers
240,CBRE,Real Estate ," Los Angeles, CA",794K followers
241,Uber,Internet ," San Francisco, CA",1.7M followers
242,PT Pertamina (Persero),Oil & Energy ," Jakarta Pusat, DKI Jakarta",972K followers
243,Symantec,Computer Software ," Mountain View, CA",406K followers
244,"NBCUniversal Media, LLC",Entertainment ," New York City, NY",637K followers
245,Genpact,Information Technology & Services ," New York, NY",996K followers
246,Randstad,Human Resources ," Diemen, Noord-Holland",1M followers
247,ESPN,Broadcast Media ," Bristol, CT",548K followers
248,Gartner,Information Services ," Stamford, CT",1M followers
249,Qualcomm,Wireless ," San Diego, CA",674K followers
250,Dow,Chemicals ," Midland, Michigan",786K followers
251,Barclays Investment Bank,Financial Services ," New York, NY",542K followers
252,SAS,Computer Software ," Cary, NC",687K followers
253,Inditex,Retail ," Arteixo, A Coru√±a",1M followers
254,NPR,Broadcast Media ," Washington, DC",519K followers
255,Oil and Natural Gas Corporation Ltd,Oil & Energy ," New Delhi, Delhi",243K followers
256,CH2M,Civil Engineering ," Englewood, Colorado",392K followers
257,Kellogg Company,Consumer Goods ," Battle Creek, Michigan",1M followers
258,Mars,Consumer Goods ," McLean, Virginia",781K followers
259,VINCI,Construction , Rueil-Malmaison,319K followers
260,Colgate-Palmolive,Consumer Goods ," New York, New York",1.3M followers
261,Warner Bros. Entertainment,Entertainment ," Burbank, CA",1.3M followers
262,Stryker,Medical Device ," Kalamazoo, MI",699K followers
263,TechCrunch,Internet ," San Francisco, CA",2.8M followers
264,Netflix,Entertainment ," Los Gatos, CA",5.9M followers
265,Nielsen,Information Technology & Services ," New York, NY",772K followers
266,SAIC,Information Technology & Services ," Reston, VA",304K followers
267,Electronic Arts (EA),Computer Games ," Redwood City, CA",689K followers
268,Ralph Lauren,Apparel & Fashion , New York,698K followers
269,Avaya,Information Technology & Services ," Santa Clara, CA",320K followers
270,BlackRock,Financial Services ," New York, NY",792K followers
271,adidas,Sporting Goods ," Herzogenaurach, Bavaria",1.9M followers
272,The Est√©e Lauder Companies Inc.,Cosmetics ," New York, NY",1M followers
273,Sony Pictures Entertainment,Entertainment ," Culver City, CA",905K followers
274,Auchan Retail,Retail ," Croix, Lille",238K followers
275,T-Mobile,Telecommunications ," Bellevue, WA",406K followers
276,Juniper Networks,Computer Networking ," Sunnyvale, CA",457K followers
277,Marine Corps Recruiting,Military ," Washington, DC",179K followers
278,IQVIA,Hospital & Health Care ," Danbury, CT and Durham, NC",832K followers
279,USA TODAY,Newspapers ," McLean, VA",308K followers
280,Visa,Information Technology & Services ," Foster City, California",1M followers
281,eBay,Internet ," San Jose, CA",451K followers
282,Verizon Business,Information Technology & Services ," Basking Ridge, NJ",330K followers
283,Amgen,Biotechnology ," Thousand Oaks, CA",735K followers
284,Walgreens,Retail ," Deerfield, IL",392K followers
285,Mercer,Management Consulting ," New York, NY",457K followers
286,UNDP,International Affairs ," New York, NY",1.3M followers
287,Nordstrom,Retail ," Seattle, Washington",422K followers
288,The HEINEKEN Company,Food & Beverages , Amsterdam,1.2M followers
289,CA Technologies,Computer Software ," San Jose, California",318K followers
290,TD,Banking ," Toronto, Ontario",483K followers
291,Indian Oil Corporation Limited,Oil & Energy,170K followers,
292,Rio Tinto,Mining & Metals ," London, Greater London",586K followers
293,Sprint,Telecommunications ," Overland Park, Kansas",347K followers
294,Leo Burnett,Marketing & Advertising ," Chicago, Illinois",460K followers
295,J. Walter Thompson Worldwide,Marketing & Advertising ," New York, NY",312K followers
296,ANZ,Banking ," Melbourne, Victoria",466K followers
297,HuffPost,Online Media ," New York City, NY",527K followers
298,"The Ritz-Carlton Hotel Company, L.L.C.",Hospitality ," Orlando, FL",478K followers
299,BAT,Tobacco , London,1.1M followers
300,Harvard University,"Cambridge, Massachusetts",1.5M followers,
301,Under Armour,Sporting Goods ," Baltimore, Maryland",607K followers
302,Hyatt Hotels Corporation,Hospitality ," Chicago, Illinois",751K followers
303,Cummins Inc.,Automotive ," Columbus, Indiana",497K followers
304,Gap Inc.,Retail ," San Francisco, California",353K followers
305,Genentech,Biotechnology ," South San Francisco, California",463K followers
306,Anglo American,Mining & Metals , London,626K followers
307,Walt Disney World,Entertainment ," Lake Buena Vista, Florida",746K followers
308,Emerson,Mechanical Or Industrial Engineering ," St. Louis, MO",531K followers
309,CNN Business,Online Media ," New York, NY",3M followers
310,"Cameron, a Schlumberger company",Oil & Energy ," Houston, TX",295K followers
311,Texas Instruments,Semiconductors ," Dallas, TX",461K followers
312,"KBR, Inc.",Defense & Space ," Houston, Texas",414K followers
313,Viacom,Entertainment ," New York, NY",401K followers
314,Monsanto Company,Farming ," St. Louis, Missouri",429K followers
315,Groupon,Internet ," Chicago, IL",319K followers
316,PayPal,Internet ," San Jose, CA",669K followers
317,Bosch USA,Mechanical Or Industrial Engineering ," Farmington Hills, MI",287K followers
318,Boston Scientific,Medical Device ," Marlborough, MA",513K followers
319,Airbnb,Internet ," San Francisco, CA",1.4M followers
320,RBC,Banking ," Toronto, Ontario",444K followers
321,NASA - National Aeronautics and Space Administration,Aviation & Aerospace ," Washington, DC",4.9M followers
322,Bill & Melinda Gates Foundation,Philanthropy ," Seattle, WA",825K followers
323,National Oilwell Varco,Oil & Energy ," Houston, Texas",490K followers
324,United Airlines,Airlines/Aviation ," Chicago, IL",474K followers
325,Flex,Electrical & Electronic Manufacturing , Singapore,458K followers
326,Whole Foods Market,Supermarkets ," Austin, TX",477K followers
327,Strategy&,Management Consulting ," New York, NY",298K followers
328,BT,Telecommunications , London,425K followers
329,General Mills,Consumer Goods ," Minneapolis, Minnesota",459K followers
330,Covidien (Medtronic Minimally Invasive Therapies Group),Medical Device ," Fridley, Minnesota",192K followers
331,Discovery Inc,Entertainment ," New York, NY",476K followers
332,U.S. Department of Homeland Security,Government Administration ," Washington, DC",391K followers
333,IDEO,Design ," 9 Global Locations, Worldwide",445K followers
334,YouTube,Internet ," San Bruno, CA",903K followers
335,Sony Music Entertainment,Music ," New York, NY",584K followers
336,HBO,Entertainment ," New York, NY",936K followers
337,Sears,Retail ," Hoffman Estates, IL",216K followers
338,Expedia Group,Internet ," Seattle, WA",472K followers
339,Citrix,Computer Software ," Fort Lauderdale, FL",404K followers
340,Philip Morris International,Tobacco , Lausanne,796K followers
341,Amdocs,Telecommunications ," Chesterfield, MO",455K followers
342,Unisys,Information Technology & Services ," Blue Bell, Pennsylvania",268K followers
343,"URS Corporation, An AECOM Company",Civil Engineering ," San Francisco, CA",184K followers
344,Mastercard,Information Technology & Services ," Purchase, NY",754K followers
345,Hudson Global,Staffing & Recruiting ," New York, NY",311K followers
346,Cushman & Wakefield,Commercial Real Estate ," Chicago, IL",667K followers
347,The Janssen Pharmaceutical Companies of Johnson & Johnson,Pharmaceuticals ," Raritan, New Jersey",606K followers
348,U.S. Department of State,International Affairs ," Washington, DC",422K followers
349,NCR Corporation,Information Technology & Services ," Atlanta, Georgia",309K followers
350,Universal Music Group,Music ," Santa Monica, California",515K followers
351,Victoria's Secret,Retail ," Columbus, Ohio",345K followers
352,Fast Company,Publishing ," New York, NY",1.3M followers
353,BNY Mellon,Financial Services , New York,317K followers
354,NVIDIA,Computer Hardware ," Santa Clara, CA",645K followers
355,Aerotek,Staffing & Recruiting ," Hanover, Maryland",458K followers
356,L3 Technologies,Defense & Space ," New York, NY",294K followers
357,Red Hat,Computer Software ," Raleigh, NC",823K followers
358,Rockwell Automation,Industrial Automation ," Milwaukee, WI",551K followers
359,LafargeHolcim,Building Materials , Jona,604K followers
360,"Keller Williams Realty, Inc.",Real Estate ," Austin, TX",314K followers
361,CB&I,Oil & Energy ," The Woodlands, Texas",224K followers
362,USAID,International Affairs ," Washington, District of Columbia",851K followers
363,Scotiabank,Banking ," Toronto, Ontario",563K followers
364,Lear Corporation,Automotive ," Southfield , Michigan",580K followers
365,Mary Kay Global,Cosmetics ," Addison, TX",182K followers
366,Thermo Fisher Scientific,Biotechnology ," Waltham, MA",643K followers
367,TEKsystems,Information Technology & Services ," Hanover, MD",404K followers
368,Pixar Animation Studios,Motion Pictures & Film ," Emeryville, California",414K followers
369,The Goodyear Tire & Rubber Company,Automotive ," Akron, OH",416K followers
370,CyberCoders,Staffing & Recruiting ," Irvine, CA",541K followers
371,"McDermott International, Ltd",Oil & Energy ," Houston, Texas",579K followers
372,Fujitsu,Information Technology & Services,335K followers,
373,Mercedes-Benz USA,Automotive ," Atlanta, GA",521K followers
374,Korn Ferry,Management Consulting ," Los Angeles, CA",842K followers
375,Turner Construction Company,Construction ," New York, NY",386K followers
376,Michael Kors,Apparel & Fashion ," New York, New York",477K followers
377,Parsons Corporation,Information Technology & Services ," Centreville, Virginia",356K followers
378,Levi Strauss & Co.,Apparel & Fashion ," San Francisco, California",460K followers
379,Autodesk,Computer Software ," San Rafael, CA",477K followers
380,BBDO Worldwide,Marketing & Advertising ," New York, NY",275K followers
381,AMD,Semiconductors ," Santa Clara, California",519K followers
382,Blizzard Entertainment,Entertainment ," Irvine, CA",557K followers
383,Whirlpool Corporation,Consumer Goods ," Benton Harbor, Michigan",733K followers
384,State Street,Financial Services ," Boston, Massachusetts",324K followers
385,IFC - International Finance Corporation,Financial Services ," Washington, DC",417K followers
386,Sony Electronics,Consumer Electronics , San Diego - US | Weybridge - UK | Tokyo - JP,314K followers
387,Marsh,Insurance ," New York, New York",320K followers
388,Inc. Magazine,Publishing ," New York, New York",3M followers
389,Tiffany & Co.,Luxury Goods & Jewelry ," New York, New York",495K followers
390,Project Management Institute,Professional Training & Coaching ," Newtown Square, PA",583K followers
391,Young & Rubicam,Marketing & Advertising ," New York, NY",218K followers
392,United States Department of Defense,Military,704K followers,
393,SABIC,Chemicals , Riyadh,597K followers
394,J.Crew,Apparel & Fashion ," New York, New York",250K followers
395,Hess Corporation,Oil & Energy ," New York, NY",258K followers
396,Bloomberg News,Online Media ," New York, New York",3.4M followers
397,Aramark,Retail ," Philadelphia, Pennsylvania",205K followers
398,PNC,Financial Services ," Pittsburgh, Pennsylvania",190K followers
399,American Red Cross,Non-profit Organization Management ," Washington, DC",272K followers
400,Stanford University,"Stanford, CA",811K followers,
401,Forever 21,Apparel & Fashion ," Los Angeles, CA",369K followers
402,Suncor,Oil & Energy ," Calgary, Alberta",297K followers
403,Kearney,Management Consulting ," Chicago, IL",265K followers
404,WIRED,Publishing ," San Francisco, CA",1.7M followers
405,Lloyds Banking Group,Financial Services ," London, UK",268K followers
406,Paramount Pictures,Entertainment ," Los Angeles, CA",402K followers
407,Infor,Computer Software ," New York, NY",494K followers
408,Edelman,Marketing & Advertising ," New York, NY",363K followers
409,Broadcom Inc.,Semiconductors ," San Jose, California",253K followers
410,Coach,Apparel & Fashion ," New York, NY",269K followers
411,BD,Medical Device ," Franklin Lakes, New Jersey",442K followers
412,SpaceX,Aviation & Aerospace ," Hawthorne, California",1.5M followers
413,Southwest Airlines,Airlines/Aviation ," Dallas, TX",446K followers
414,Hitachi,Electrical & Electronic Manufacturing ," Chiyoda-ku, Tokyo",336K followers
415,CNBC,Broadcast Media ," Englewood Cliffs, NJ",2.6M followers
416,Coursera,E-learning ," Mountain View, CA",658K followers
417,Fortune,Publishing ," New York, NY",1.8M followers
418,Live Nation Entertainment,Entertainment ," Beverly Hills, California",405K followers
419,Convergys,Outsourcing/Offshoring ," Cincinnati, Ohio",205K followers
420,Rabobank,Banking ," Utrecht, Utrecht",311K followers
421,SHRM,Human Resources ," Alexandria, VA",606K followers
422,Amazon Web Services (AWS),Information Technology & Services ," Seattle, WA",4.9M followers
423,Alcoa,Mining & Metals ," Pittsburgh, PA",274K followers
424,ZF Group,Automotive ," Friedrichshafen, Baden-W√ºrttemberg",567K followers
425,Walt Disney Television,Entertainment ," Burbank, California",436K followers
426,Occidental,Oil & Energy ," Houston, TX",416K followers
427,Kohl's,Retail ," Menomonee Falls, Wisconsin",184K followers
428,HubSpot,Internet ," Cambridge, Massachusetts",481K followers
429,DreamWorks Animation,Animation ," Glendale, CA",339K followers
430,AOL,Internet ," New York, NY",168K followers
431,Anadarko Petroleum Corporation,Oil & Energy ," The Woodlands, TX",280K followers
432,Grant Thornton LLP,Accounting ," Chicago, IL",348K followers
433,Commonwealth Bank,Financial Services ," Sydney, NSW",321K followers
434,Alibaba Group,Information Technology & Services , Hangzhou,929K followers
435,"Aetna, a CVS Health Company","Health, Wellness & Fitness "," Hartford, Connecticut",328K followers
436,Wieden + Kennedy,Marketing & Advertising ," Portland, OR",212K followers
437,Cleveland Clinic,Hospital & Health Care ," Cleveland, Ohio",406K followers
438,Intuit,Computer Software ," Mountain View, California",292K followers
439,Calvin Klein,Apparel & Fashion ," New York, New York",365K followers
440,Dropbox,Internet ," San Francisco, California",306K followers
441,Teradata,Information Technology & Services ," San Diego, California",235K followers
442,Enterprise,Automotive ," St. Louis, MO",194K followers
443,Vogue,Publishing , New York,318K followers
444,Tata Motors,Automotive ," Pune, Maharashtra",1.9M followers
445,"Hill International, Inc.",Construction ," Philadelphia, PA",330K followers
446,SC Johnson,Consumer Goods ," Racine, WI",286K followers
447,JCPenney,Retail ," Plano, Texas",202K followers
448,Oliver Wyman,Management Consulting ," New York, NY",347K followers
449,Kiewit,Construction ," Omaha, NE",326K followers
450,Devon Energy,Oil & Energy ," Oklahoma City, Oklahoma",230K followers
451,Fiserv,Information Technology & Services ," Brookfield, Wisconsin",312K followers
452,Agilent Technologies,Biotechnology ," Santa Clara, CA",389K followers
453,BuzzFeed,Internet ," New York, NY",307K followers
454,Massachusetts Institute of Technology,"Cambridge, ma",855K followers,
455,Edward Jones,Financial Services ," St. Louis, MO",173K followers
456,Walmart eCommerce,Internet ," San Bruno, California",237K followers
457,Sheraton Hotels & Resorts,Hospitality ," Bethesda, Maryland",352K followers
458,Burger King,Restaurants ," Miami, FL",269K followers
459,Staples,Business Supplies & Equipment ," Framingham, MA",167K followers
460,Ecolab,Chemicals ," St. Paul, MN",327K followers
461,Federal Aviation Administration,Aviation & Aerospace ," Washington, DC",330K followers
462,University of Phoenix,"Phoenix, AZ",928K followers,
463,DDB,Marketing & Advertising ," New York, NY",233K followers
464,Sanofi Genzyme,Biotechnology ," Cambridge, Massachusetts",271K followers
465,Experis,Staffing & Recruiting ," Milwaukee, WI",460K followers
466,Farmers Insurance,Insurance ," Woodland Hills, CA",153K followers
467,Tripadvisor,Internet ," Needham, MA",302K followers
468,Michelin,Automotive ," Frankfurt, Hesse",444K followers
469,CNET,Online Media ," San Francisco, CA",963K followers
470,NBC News,Broadcast Media ," New York, NY",208K followers
471,Tableau Software,Computer Software ," Seattle, WA",557K followers
472,American Psychological Association,Non-profit Organization Management ," Washington, DC",501K followers
473,Royal Caribbean Cruises Ltd.,"Leisure, Travel & Tourism "," Miami, FL",502K followers
474,McAfee,Computer & Network Security ," Santa Clara, CA",236K followers
475,PPG Industries,Chemicals ," Pittsburgh, PA",277K followers
476,Black & Veatch,Construction ," Overland Park, KS",202K followers
477,GE Aviation,Aviation & Aerospace ," Cincinnati, OH",506K followers
478,Centers for Disease Control and Prevention,Government Administration ," Atlanta, GA",1.3M followers
479,Universal Pictures,Entertainment ," Universal City, CA",201K followers
480,University of Michigan,"Ann Arbor, mi",518K followers,
481,Celgene,Pharmaceuticals ," Summit, New Jersey",266K followers
482,Oceaneering,Oil & Energy ," Houston, Texas",261K followers
483,Cerner Corporation,Information Technology & Services ," Kansas City, Missouri",226K followers
484,"Turner (Turner Broadcasting System, Inc)",Broadcast Media ," Atlanta, Georgia",275K followers
485,BMC Software,Information Technology & Services ," Houston, TX",196K followers
486,Lufthansa,Airlines/Aviation ," Frankfurt am Main, Germany",448K followers
487,Gilead Sciences,Biotechnology ," Foster City, CA",349K followers
488,Parexel,Pharmaceuticals ," Newton, Massachusetts",240K followers
489,Urban Outfitters,Apparel & Fashion ," Philadelpia, PA",228K followers
490,H&R Block,Retail ," Kansas City, MO",145K followers
491,Mayo Clinic,Hospital & Health Care ," Rochester, Minnesota",743K followers
492,Emerson Network Power,Electrical & Electronic Manufacturing ," Columbus, Ohio",178K followers
493,Pizza Hut,Restaurants ," Plano, TX",173K followers
494,NAB,Banking ," Melbourne, Victoria",232K followers
495,Bose Corporation,Consumer Electronics ," Framingham, Massachusetts",258K followers
496,Herbalife Nutrition,"Health, Wellness & Fitness "," Los Angeles, CA",210K followers
497,IMG,Entertainment ," New York, NY",202K followers
498,Gensler,Architecture & Planning ," Gensler Global, World Wide",289K followers
499,Heidrick & Struggles,Management Consulting ," Chicago, IL",241K followers
500,Ingram Micro,Information Technology & Services ," Irvine, CA",282K followers
501,Safeway,Retail,157K followers,
502,Duke Energy Corporation,Utilities ," Charlotte, NC",227K followers
503,Parker Hannifin,Mechanical Or Industrial Engineering ," Cleveland, OH",240K followers
504,Applied Materials,Semiconductors ," Santa Clara, CA",227K followers
505,Ad Age,Publishing ," New York, NY",964K followers
506,WarnerMedia,Entertainment ," New York, NY",313K followers
507,Aquent,Staffing & Recruiting ," Boston, MA",344K followers
508,Biogen,Biotechnology ," Cambridge, MA",411K followers
509,Columbia University in the City of New York,"New York, NY",440K followers,
510,VF Corporation,Apparel & Fashion ," Denver, CO",334K followers
511,Marathon Oil Corporation,Oil & Energy ," Houston, Texas",315K followers
512,Seagate Technology,Computer Hardware ," Cupertino, CA",185K followers
513,BMO Financial Group,Financial Services ," Toronto, ON",216K followers
514,"The North Face, a VF Company",Apparel & Fashion ," Greenwood Village, Colorado",311K followers
515,Conagra Brands,Food & Beverages ," Chicago, Illinois",160K followers
516,Epsilon,Marketing & Advertising ," Irving, Texas",285K followers
517,Warner Music Group,Music ," New York, New York",391K followers
518,Motorola Solutions,Telecommunications ," Chicago, IL",264K followers
519,MIT Technology Review,Publishing ," Cambridge, Massachusetts",627K followers
520,DynCorp International,Defense & Space ," McLean, Virginia",173K followers
521,Abercrombie & Fitch Co.,Retail ," New Albany, OH",207K followers
522,FICO,Computer Software ," San Jose, California",244K followers
523,Saks Fifth Avenue,Retail ," New York, NY",187K followers
524,LexisNexis,Information Technology & Services ," New York City, NY",191K followers
525,Reebok,Consumer Goods ," Boston, MA",283K followers
526,Harvard Business School,"Boston, MA",1.2M followers,
527,PPD,Pharmaceuticals ," Wilmington, NC",249K followers
528,Lucasfilm,Entertainment ," San Francisco, CA",307K followers
529,Subway,Restaurants,195K followers,
530,University of Washington,"Seattle, wa",499K followers,
531,CWT,"Leisure, Travel & Tourism "," Minnetonka, Minnesota",181K followers
532,Experian,Information Services ," Costa Mesa, CA",264K followers
533,Chase,Financial Services ," New York, NY",277K followers
534,Pratt & Whitney,Aviation & Aerospace ," East Hartford, CT",402K followers
535,Sutherland,Information Technology & Services ," Pittsford (Rochester), NY",293K followers
536,Fresenius Medical Care North America,Hospital & Health Care ," Waltham, MA",156K followers
537,Quest Diagnostics,Hospital & Health Care ," Secaucus, NJ",199K followers
538,ThoughtWorks,Information Technology & Services ," Chicago, IL",310K followers
539,frog,Design ," San Francisco, California",192K followers
540,Kforce Inc,Information Technology & Services ," Tampa, Fl",196K followers
541,Blackstone,Financial Services ," New York, NY",388K followers
542,Jabil,Electrical & Electronic Manufacturing ," St Petersburg, FL",245K followers
543,Airswift,Staffing & Recruiting ," Houston, TX",284K followers
544,PlayStation,Entertainment ," San Mateo, CA",412K followers
545,VICE Media,Publishing ," Brooklyn, New York",464K followers
546,Workday,Computer Software ," Pleasanton, CA",429K followers
547,NetSuite,Computer Software ," Redwood Shores, CA",264K followers
548,Swiss Re,Insurance ," Zurich, Zurich",310K followers
549,L Brands,Retail ," Columbus, OH",196K followers
550,University of Southern California,"Los Angeles, CA",476K followers,
551,"University of California, Berkeley","Berkeley, CA",696K followers,
552,Pinterest,Internet ," San Francisco, California",369K followers
553,International Paper,Paper & Forest Products ," Memphis, Tennessee",276K followers
554,EPAM Systems,Information Technology & Services ," Newtown, PA",322K followers
555,University of Minnesota,"Minneapolis and St. Paul, Minnesota",395K followers,
556,R/GA,Marketing & Advertising ," New York, NY",202K followers
557,Apache Corporation,Oil & Energy ," Houston, Texas",210K followers
558,Havas,Marketing & Advertising ," New York, NY",250K followers
559,Charles Schwab,Financial Services ," San Francisco, CA",186K followers
560,New York University,"New York, NY",653K followers,
561,UniCredit,Banking ," Milano, MI",294K followers
562,CFA Institute,Financial Services ," Charlottesville, VA",390K followers
563,Epic,Computer Software ," Verona, WI",356K followers
564,First Data Corporation,Financial Services ," Atlanta, GA",197K followers
565,Benefit Cosmetics,Cosmetics ," San Francisco, CA",375K followers
566,The Clorox Company,Consumer Goods ," Oakland, CA",181K followers
567,NXP Semiconductors,Semiconductors ," Eindhoven, Noord-Brabant",316K followers
568,IEEE,Non-profit Organization Management ," Piscataway, NJ",281K followers
569,Yelp,Internet ," San Francisco, CA",155K followers
570,Amway,Consumer Goods ," Ada, Michigan",149K followers
571,Banco do Brasil,Banking,1.1M followers,
572,Rackspace Technology,Information Technology & Services ," San Antonio, Texas",168K followers
573,edX,"Cambridge, MA",259K followers,
574,GlobalLogic,Computer Software ," San Jose, CA",277K followers
575,Franklin Templeton,Financial Services ," San Mateo, California",178K followers
576,Westpac,Banking ," Sydney, NSW",199K followers
577,National Football League (NFL),Sports ," New York, NY",277K followers
578,Flowserve Corporation,Mechanical Or Industrial Engineering ," Irving, Texas",191K followers
579,Starcom,Marketing & Advertising ," Chicago, IL",180K followers
580,"Mattel, Inc.",Consumer Goods ," El Segundo, California",310K followers
581,"University of California, Los Angeles","Los Angeles, CA",705K followers,
582,FDA,Government Administration ," Silver Spring, MD",391K followers
583,Synopsys Inc,Computer Software ," Mountain View, California",258K followers
584,Newell Brands,Consumer Goods ," Atlanta, GA",250K followers
585,Sainsbury's,Retail , London,227K followers
586,Porsche Cars North America,Automotive ," Atlanta, GA",175K followers
587,The Ohio State University,"Columbus, Ohio",474K followers,
588,Ingersoll Rand,Mechanical Or Industrial Engineering ," Davidson, North Carolina",156K followers
589,REI,Retail ," Kent, WA",194K followers
590,Bridgestone Americas,Automotive ," Nashville, Tennessee",214K followers
591,The National Institutes of Health,Research ," Bethesda, MD",227K followers
592,RGP,Management Consulting ," Irvine, CA",191K followers
593,Tenaris,Oil & Energy ," Houston, Texas",247K followers
594,Penn State University,"University Park, Pennsylvania",606K followers,
595,Manpower,Staffing & Recruiting ," Milwaukee, WI",750K followers
596,Patagonia,Retail ," Ventura, California",467K followers
597,The Associated Press,Media Production ," New York, NY",189K followers
598,Baker McKenzie,Law Practice ," Chicago, IL",263K followers
599,US Foods,Food & Beverages ," Rosemont, IL",224K followers
600,AMERICAN EAGLE OUTFITTERS INC.,Retail ," Pittsburgh, PA",149K followers
601,International Monetary Fund,International Trade & Development ," Washington, DC",385K followers
602,Avery Dennison,Packaging & Containers ," Glendale, California",215K followers
603,The New Yorker,Publishing ," New York, NY",592K followers
604,FIS,Information Technology & Services ," Jacksonville, FL",319K followers
605,GroupM,Marketing & Advertising , New York,273K followers
606,Gulfstream Aerospace,Aviation & Aerospace ," Savannah, Ga",220K followers
607,Chubb,Insurance,431K followers,
608,PRA Health Sciences,Research ," Raleigh, North Carolina",340K followers
609,UPS Supply Chain Solutions,Logistics & Supply Chain ," Alpharetta, GA",228K followers
610,CenturyLink,Information Technology & Services ," Monroe, LA",218K followers
611,A.P. Moller - Maersk,Logistics & Supply Chain , Copenhagen,777K followers
612,The University of Texas at Austin,"Austin, tx",526K followers,
613,Intesa Sanpaolo,Banking ," Turin, TO",335K followers
614,Akamai Technologies,Internet ," Cambridge, MA",178K followers
615,Compass Group,Food & Beverages ," Chertsey, Surrey",199K followers
616,Walt Disney Animation Studios,Animation ," Burbank, CA",353K followers
617,Mylan,Pharmaceuticals ," Canonsburg, Pennsylvania",368K followers
618,Anheuser-Busch,Food & Beverages ," St. Louis, MO",242K followers
619,FEMA,Government Administration ," Washington, DC",237K followers
620,University of Florida,"Gainesville, Florida",438K followers,
621,New Balance,Sporting Goods ," Brighton, MA",239K followers
622,Spencer Stuart,Management Consulting ," Chicago, IL",189K followers
623,Havas Media Group,Marketing & Advertising ," New York, NY",254K followers
624,MAC Cosmetics,Cosmetics,180K followers,
625,MSD,Pharmaceuticals ," Kenilworth, NJ",662K followers
626,Tata Technologies,Information Technology & Services ," Detroit, Michigan",368K followers
627,Publicis,Marketing & Advertising ," New York, New York",196K followers
628,TRS Staffing Solutions,Staffing & Recruiting ," Greenville, South Carolina",211K followers
629,Vanguard,Financial Services ," Valley Forge, PA",210K followers
630,Sabre Corporation,Information Technology & Services ," Southlake, Texas",177K followers
631,National Basketball Association (NBA),Sports ," New York, NY",266K followers
632,"Vans, a VF Company",Retail ," Costa Mesa, California",302K followers
633,RE/MAX,Real Estate ," Denver, CO",181K followers
634,Northern Trust Corporation,Financial Services ," Chicago, Illinois",202K followers
635,Marvell Semiconductor,Semiconductors ," Santa Clara, CA",168K followers
636,F5,Information Technology & Services ," Seattle, Washington",224K followers
637,PTC,Computer Software ," Boston, Massachusetts",239K followers
638,Texas A&M University,"College Station, TX",474K followers,
639,Avanade,Information Technology & Services ," Seattle, Washington",247K followers
640,The Walt Disney Studios,Entertainment ," Burbank, CA",320K followers
641,Laureate International Universities,"Baltimore, MD",250K followers,
642,Activision,Entertainment ," Santa Monica, California",225K followers
643,Astellas Pharma US,Pharmaceuticals ," Northbrook, IL",195K followers
644,American Marketing Association,Marketing & Advertising ," Chicago, IL",231K followers
645,Fox News Media,Broadcast Media , New York ,183K followers
646,Forrester,Research ," Cambridge, MA",212K followers
647,Covance,Research ," Princeton, New Jersey",243K followers
648,Arizona State University,"Tempe, AZ",573K followers,
649,Zimmer Biomet,Medical Device ," Warsaw, Indiana",253K followers
650,Waste Management,Environmental Services ," Houston, TX",176K followers
651,US Environmental Protection Agency (EPA),Government Administration ," Washington, DC",230K followers
652,"Stanley Black & Decker, Inc.",Consumer Goods ," New Britain, CT",253K followers
653,24 Seven Talent,Staffing & Recruiting , New York,214K followers
654,Michigan State University,"East Lansing, MI",452K followers,
655,U.S. Department of Health and Human Services (HHS),Government Administration ," Washington, District of Columbia",242K followers
656,Western Union,Financial Services ," Denver, Colorado",173K followers
657,Ulta Beauty,Retail ," Bolingbrook, IL",284K followers
658,Rockstar Games,Computer Games ," New York, New York",288K followers
659,Riot Games,Computer Games ," Los Angeles, CA",354K followers
660,Major League Baseball,Sports ," New York, New York",204K followers
661,VentureBeat,Internet ," San Francisco, California",341K followers
662,C.H. Robinson,Logistics & Supply Chain ," Eden Prairie, Minnesota",177K followers
663,Inter-American Development Bank,International Trade & Development ," Washington, DC",454K followers
664,Yum! Brands,Restaurants ," Louisville, KY",160K followers
665,AGCO Corporation,Machinery ," Duluth, Georgia",216K followers
666,Leidos,Information Technology & Services ," Reston, VA",234K followers
667,The Hershey Company,Consumer Goods ," Hershey, PA",230K followers
668,Air Liquide,Chemicals , Paris,457K followers
669,Magna International,Automotive ," Aurora, Ontario",388K followers
670,Federal Bureau of Investigation (FBI),Law Enforcement ," Washington, DC",526K followers
671,Air Products,Chemicals ," Trexlertown, PA",180K followers
672,Expeditors,Logistics & Supply Chain ," Seattle, Washington",175K followers
673,Converse,Apparel & Fashion ," Boston, MA",190K followers
674,HOK,Architecture & Planning ," New York, NY",204K followers
675,DaVita Kidney Care,Hospital & Health Care ," Denver, CO",147K followers
676,McCann Worldgroup,Marketing & Advertising ," New York, NY",307K followers
677,Brown-Forman,Wine & Spirits ," Louisville, KY",171K followers
678,SolarCity,Renewables & Environment ," San Mateo, CA",202K followers
679,University of Pennsylvania,"Philadelphia, PA",330K followers,
680,Square,Internet ," San Francisco, CA",234K followers
681,University of Illinois at Urbana-Champaign,"Champaign, IL",432K followers,
682,ZS,Management Consulting ," Evanston, IL",206K followers
683,The Atlantic,Publishing ," Washington, DC",1.7M followers
684,Volvo Group,Automotive , G√∂teborg,782K followers
685,Lynda.com,E-learning ," Carpinteria, CA",197K followers
686,Cornell University,"Ithaca, ny",437K followers,
687,Hasbro,Consumer Goods ," Pawtucket, RI",217K followers
688,Purdue University,"West Lafayette, in",395K followers,
689,Rutgers University,"New Brunswick, NJ",382K followers,
690,"FireEye, Inc.",Computer & Network Security ," Milpitas, California",272K followers
691,Informatica,Computer Software ," Redwood City, CA",171K followers
692,The Nature Conservancy,Non-profit Organization Management ," Arlington, VA",288K followers
693,Harley-Davidson Motor Company,Automotive ," Milwaukee, WI",205K followers
694,SNCF,Transportation/Trucking/Railroad , La Plaine Saint-Denis,234K followers
695,Sherwin-Williams,Chemicals ," Cleveland, OH",254K followers
696,Fortinet,Computer & Network Security ," Sunnyvale, CA",410K followers
697,Carnival Cruise Line,"Leisure, Travel & Tourism "," Miami, Florida",221K followers
698,Insight,Information Technology & Services ," Tempe, Arizona",174K followers
699,Chick-fil-A Corporate,Restaurants ," Atlanta, GA",244K followers
700,Louis Dreyfus Company,Food Production ," Gen√®ve, Switzerland",269K followers
701,ING,Banking ," Amsterdam, North Holland",324K followers
702,The Metropolitan Museum of Art,Museums & Institutions ," New York, NY",240K followers
703,Concentrix,Outsourcing/Offshoring ," Fremont, CA",376K followers
704,Revlon Inc.,Cosmetics ," New York, NY",247K followers
705,American Heart Association,"Health, Wellness & Fitness "," Dallas, Texas",382K followers
706,Sitel,Outsourcing/Offshoring ," Miami, FL",178K followers
707,AppleOne Employment Services,Staffing & Recruiting ," Glendale, CA",215K followers
708,Beckman Coulter Diagnostics,Medical Device ," Brea, California",171K followers
709,Esri,Computer Software ," Redlands, CA",208K followers
710,NI (National Instruments),Electrical & Electronic Manufacturing ," Austin , Texas",170K followers
711,Collabera Inc.,Information Technology & Services ," Basking Ridge, New Jersey",419K followers
712,Cvent,Computer Software ," Tysons Corner, VA",168K followers
713,Pegasystems,Computer Software ," Cambridge, MA",220K followers
714,Indeed.com,Internet ," Austin, Texas",347K followers
715,Palo Alto Networks,Computer & Network Security ," SANTA CLARA, California",354K followers
716,University of Maryland,"College Park, MD",384K followers,
717,FMC Corporation,Chemicals ," Philadelphia , Pennsylvania",175K followers
718,Caixa Econ√¥mica Federal,Banking ," Bras√≠lia, Distrito Federal",342K followers
719,Sam's Club,Retail ," Bentonville, Arkansas",162K followers
720,University of Wisconsin-Madison,"Madison, WI",361K followers,
721,Insight Global,Staffing & Recruiting ," Atlanta, Georgia",264K followers
722,Xilinx,Semiconductors ," San Jose, CA",180K followers
723,Human Rights Watch,Non-profit Organization Management ," New York, NY",286K followers
724,Iron Mountain,Information Technology & Services ," Boston, Massachusetts",233K followers
725,Weber Shandwick,Public Relations & Communications ," New York, NY",196K followers
726,Gallagher,Insurance ," Rolling Meadows, IL",146K followers
727,E.ON,Utilities , Essen,185K followers
728,"Ross Stores, Inc.",Retail ," Dublin, CA",157K followers
729,Virtusa,Information Technology & Services ," Southborough, MA",191K followers
730,Carrier HVAC,Mechanical Or Industrial Engineering,257K followers,
731,Protiviti,Management Consulting ," Menlo Park, California",195K followers
732,Crossover for Work,Information Technology & Services ," Austin, TX",2M followers
733,Nintendo,Computer Games ," Redmond, WA",274K followers
734,Mentor Graphics,Computer Software ," Wilsonville, OR",156K followers
735,EXL,Information Technology & Services ," New York, NY",164K followers
736,Cloudera,Computer Software ," Palo Alto, California",174K followers
737,Sequoia Capital,Venture Capital & Private Equity ," Menlo Park, CA",258K followers
738,Analog Devices,Semiconductors ," Norwood, MA",170K followers
739,Iberdrola,Renewables & Environment ," Bilbao, Biscay",263K followers
740,Illumina,Biotechnology ," San Diego, CA",225K followers
741,MAPFRE,Insurance ," Majadahonda, Community of Madrid",376K followers
742,Bath & Body Works,Retail ," Columbus, Ohio",159K followers
743,UC San Diego,"La Jolla, CA",301K followers,
744,Penguin Random House,Publishing ," New York, NY",194K followers
745,Manulife,Financial Services ," Toronto, Ontario",171K followers
746,Marriott Hotels,Hospitality ," Bethesda, Maryland",246K followers
747,iHeartMedia,Broadcast Media ," New York, NY",154K followers
748,ServiceNow,Computer Software ," Santa Clara, CA",349K followers
749,Toastmasters International,Non-profit Organization Management ," Englewood, Colorado",168K followers
750,BorgWarner Inc.,Automotive ," Auburn Hills, Michigan",175K followers
751,Diebold Nixdorf,Information Technology & Services ," North Canton, Ohio",170K followers
752,Gap,Retail ," New York, NY",182K followers
753,Georgia Institute of Technology,"Atlanta, Georgia ",314K followers,
754,Western Digital,Computer Hardware ," San Jose, CA",245K followers
755,Bank of America Merrill Lynch,Financial Services ," Charlotte, NC",312K followers
756,NASA Jet Propulsion Laboratory,Defense & Space ," Pasadena, CA",380K followers
757,UL,International Trade & Development ," Northbrook, Illinois",203K followers
758,Northwestern University,"Evanston, IL",261K followers,
759,Splunk,Computer Software ," San Francisco, California",292K followers
760,PIMCO,Investment Management ," Newport Beach, California",201K followers
761,Domino's,Restaurants ," Ann Arbor, MI",158K followers
762,Samsung Electronics America,Consumer Electronics ," Ridgefield Park, NJ",321K followers
763,PVH Corp.,Apparel & Fashion ," New York City, NY",261K followers
764,EY,Accounting , London,4.5M followers
765,UNIQLO,Retail ," New York, New York",203K followers
766,Cadence Design Systems,Computer Software ," San Jose, California",165K followers
767,HARMAN International,Consumer Electronics ," Stamford, CT",288K followers
768,Boston University,"Boston, MA",380K followers,
769,"University of California, Davis","Davis, California",275K followers,
770,Zoetis Inc.,Pharmaceuticals ," Parsippany, NJ",214K followers
771,Regeneron,Biotechnology ," Tarrytown, New York",231K followers
772,Lionsgate,Entertainment ," Santa Monica, CA",213K followers
773,Veolia,Environmental Services ," Aubervilliers, √éle-de-France",270K followers
774,Qlik,Computer Software ," King of Prussia, PA",165K followers
775,Varian Medical Systems,Medical Device ," Palo Alto, CA",168K followers
776,Marsh & McLennan Companies,Financial Services ," New York, NY",187K followers
777,University of Pittsburgh,"Pittsburgh, PA",224K followers,
778,J.P. Morgan Asset Management,Financial Services ," New York, NY",207K followers
779,Randstad USA,Staffing & Recruiting ," Atlanta, GA",273K followers
780,"Alexion Pharmaceuticals, Inc.",Biotechnology ," Boston, Massachusetts",173K followers
781,International Rescue Committee,Non-profit Organization Management ," New York, NY",306K followers
782,International Flavors & Fragrances,Chemicals ," New York, New York",181K followers
783,Hulu,Internet ," Santa Monica, CA",254K followers
784,Safran,Aviation & Aerospace , Paris,567K followers
785,The Johns Hopkins University,"Baltimore, md",211K followers,
786,Duke University,"Durham, North Carolina",215K followers,
787,Norwegian Cruise Line Holdings Ltd.,"Leisure, Travel & Tourism "," Miami, FL",212K followers
788,Jefferies,Investment Banking ," New York City, New York",166K followers
789,Brigham Young University,"Provo, UT",270K followers,
790,North Carolina State University,"Raleigh, North Carolina",271K followers,
791,Hill+Knowlton Strategies,Public Relations & Communications , New York,168K followers
792,Bio-Rad Laboratories,Biotechnology ," Hercules, CA",196K followers
793,University of North Carolina at Chapel Hill,"Chapel Hill, NC",278K followers,
794,University of Illinois Chicago,"Chicago, il",221K followers,
795,Otis Elevator Co.,Consumer Services,190K followers,
796,Harvard Medical School,"Boston, ma",160K followers,
797,Zensar Technologies,Information Technology & Services ," San Jose, California",168K followers
798,Lionbridge,Translation & Localization ," Waltham, MA",191K followers
799,Danaher Corporation,Medical Device ," Washington, District of Columbia",176K followers
800,Carnegie Mellon University,"Pittsburgh, PA",204K followers,
801,University of Arizona,"Tucson, az",281K followers,
802,HRCI,Human Resources ," Alexandria, Virginia",214K followers
803,Edwards Lifesciences,Medical Device ," Irvine, CA",156K followers
804,The Washington Post,Media Production ," Washington, DC",1.4M followers
805,University of South Florida,"Tampa, Florida",291K followers,
806,DeVry University,"Naperville, Illinois",221K followers,
807,FEMSA,Consumer Goods ," Monterrey, Nuevo Le√≥n",579K followers
808,Zebra Technologies,Information Technology & Services ," Lincolnshire, IL",181K followers
809,Tata Consultancy Services,Information Technology & Services ," Mumbai, Maharashtra",4.9M followers
810,University of Kentucky,"Lexington, KY",193K followers,
811,KKR & Co. Inc.,Financial Services ," New York, New York",176K followers
812,The George Washington University,"Washington, dc",254K followers,
813,Solomon Page,Staffing & Recruiting ," New York, NY",198K followers
814,Emory University,"Atlanta, ga",142K followers,
815,Northeastern University,"Boston, MA",310K followers,
816,Temple University,"Philadelphia, Pennsylvania",239K followers,
817,NTT DATA Services,Information Technology & Services ," Plano, Texas",286K followers
818,Microchip Technology Inc.,Semiconductors ," Chandler, AZ",184K followers
819,University of Central Florida,"Orlando, FL",325K followers,
820,Equinix,Internet ," Redwood City, California",247K followers
821,Colorado State University,"Fort Collins, co",246K followers,
822,Globant,Information Technology & Services ," San Francisco, CA",260K followers
823,PwC,Accounting,3.1M followers,
824,CARE,Non-profit Organization Management ," Atlanta, GA",247K followers
825,Vanderbilt University,"Nashville, Tennessee",137K followers,
826,"American Honda Motor Company, Inc.",Automotive ," Torrance, CA",200K followers
827,UST Global,Information Technology & Services ," Aliso Viejo, CA",318K followers
828,Center for Creative Leadership,Professional Training & Coaching ," Greensboro, NC",271K followers
829,"Securitas Security Services USA, Inc.",Security & Investigations ," Parsippany, NJ",148K followers
830,Hays,Staffing & Recruiting ," London, England",4.4M followers
831,S&P Global Market Intelligence,Financial Services ," New York, New York",149K followers
832,Florida State University,"Tallahassee, fl",302K followers,
833,The University of Georgia,"Athens, GA",224K followers,
834,The Wharton School,"Philadelphia, PA",352K followers,
835,CompTIA,Information Technology & Services ," Downers Grove, IL",202K followers
836,University of Cincinnati,"Cincinnati, Ohio",230K followers,
837,University of Chicago,"Chicago, IL",190K followers,
838,Parker and Lynch,Staffing & Recruiting ," Jacksonville, FL",332K followers
839,MathWorks,Computer Software ," Natick, MA",191K followers
840,Lee Hecht Harrison,Management Consulting ," Maitland, Florida",201K followers
841,Brooksource,Information Technology & Services ," Indianapolis, Indiana",435K followers
842,Rigzone,Oil & Energy ," Houston, TX",205K followers
843,McCormick & Company,Food Production ," Hunt Valley, Maryland",178K followers
844,Poste Italiane,Package/Freight Delivery ," Rome, RM",318K followers
845,Virginia Tech,"Blacksburg, VA",249K followers,
846,University of Houston,"Houston, tx",304K followers,
847,Xiaomi Technology,Internet ," Beijing, Beijing",504K followers
848,University of Missouri-Columbia,"Columbia, MO",215K followers,
849,United Nations Population Fund (UNFPA),International Affairs ," New York, NY",231K followers
850,"Refinery29, Inc.",Internet ," New York, NY",172K followers
851,Apex Systems,Information Technology & Services ," Glen Allen, VA",551K followers
852,Indiana University Bloomington,"Bloomington, Indiana",351K followers,
853,Mozilla,Computer Software ," Mountain View, California",194K followers
854,Ajilon,Staffing & Recruiting ," Jacksonville, FL",396K followers
855,Epic Games,Computer Games ," Cary, NC",210K followers
856,Washington University in St. Louis,"St. Louis, mo",147K followers,
857,Florida International University,"Miami, fl",254K followers,
858,Toyota North America,Automotive ," Plano, TX",256K followers
859,Duolingo,Internet ," Pittsburgh, PA",277K followers
860,Stanford University Graduate School of Business,"Stanford, CA",261K followers,
861,University of Notre Dame,"Notre Dame, in",157K followers,
862,National Association of REALTORS¬Æ,Real Estate ," Chicago, IL",348K followers
863,UC Irvine,"Irvine, CA",229K followers,
864,Hire Heroes USA,Non-profit Organization Management ," Alpharetta, Georgia",232K followers
865,Nutanix,Computer Software ," San Jose, California",272K followers
866,Lucas Group,Staffing & Recruiting ," Atlanta, GA",247K followers
867,Iowa State University,"Ames, Iowa",198K followers,
868,Nasdaq,Financial Services ," New York, NY",188K followers
869,Creative Circle,Staffing & Recruiting ," Los Angeles, CA",358K followers
870,University of Colorado Boulder,"Boulder, Colorado",265K followers,
871,University of Virginia,"Charlottesville, VA",225K followers,
872,Georgia State University,"Atlanta, GA",219K followers,
873,The Chronicle of Higher Education,Newspapers ," Washington, DC",369K followers
874,GLG,Information Services ," New York, NY",153K followers
875,Ko√ß Holding A.≈û.,Human Resources ," Istanbul, Uskudar",488K followers
876,University of South Carolina,"Columbia, SC",197K followers,
877,Texas Tech University,"79409, tx",214K followers,
878,Ericsson,Information Technology & Services ," Kista, Stockholm",1.6M followers
879,The Art Institutes,"Pittsburgh, Pennsylvania",248K followers,
880,Princeton University,"Princeton, NJ",189K followers,
881,The University of Alabama,"Tuscaloosa, al",203K followers,
882,Georgetown University,"Washington, dc",209K followers,
883,Syracuse University,"Syracuse, New York",209K followers,
884,Oklahoma State University,"Stillwater, ok",186K followers,
885,Variety,Entertainment ," Los Angeles, CA",489K followers
886,Russell Tobin,Staffing & Recruiting ," New York, New York",208K followers
887,Clemson University,"Clemson, SC",160K followers,
888,Drexel University,"Philadelphia, Pennsylvania",155K followers,
889,Deloitte Digital,Information Technology & Services,177K followers,
890,Infosys,Information Technology & Services ," Bangalore, Karnataka",3.5M followers
891,Louisiana State University,"Baton Rouge, la",220K followers,
892,West Virginia University,"Morgantown, wv",165K followers,
893,San Diego State University,"San Diego, CA",295K followers,
894,University of Alabama at Birmingham,"BIRMINGHAM, al",115K followers,
895,George Mason University,"Fairfax, va",194K followers,
896,Cond√© Nast,Publishing ," New York, NY",422K followers
897,Ohio University,"Athens, Ohio",204K followers,
898,University at Buffalo,"Buffalo, NY",192K followers,
899,University of Iowa,"Iowa City, Iowa",193K followers,
900,San Jose State University,"San Jose, CA",313K followers,
901,UN Women,International Affairs ," New York, NEW YORK",462K followers
902,The University of Texas at Dallas,"Richardson, Texas",152K followers,
903,DePaul University,"Chicago, il",183K followers,
904,Oregon State University,"Corvallis, or",171K followers,
905,TSMC,Semiconductors ," Hsinchu, Taiwan",163K followers
906,Wipro Limited,Information Technology & Services ," Bangalore, Karnataka",3.3M followers
907,World Wide Technology,Information Technology & Services ," Maryland Heights, Missouri",164K followers
908,Kent State University,"Kent, Ohio",184K followers,
909,Capgemini,Information Technology & Services ," Paris, France",2.7M followers
910,Rochester Institute of Technology,"Rochester, NY",154K followers,
911,GitHub,Computer Software ," San Francisco, CA",1.5M followers
912,L'Or√©al,Cosmetics , Paris,3M followers
913,Kansas State University,"Manhattan, KS",157K followers,
914,University of North Texas,"Denton, tx",237K followers,
915,American Nurses Association,Non-profit Organization Management ," Silver Spring, MD",301K followers
916,Miami University,"Oxford, OH",193K followers,
917,Auburn University,"Auburn, AL",193K followers,
918,Washington State University,"Pullman/Spokane/Tri-Cities/Vancouver/Everett/Global, Washington",178K followers,
919,University of Connecticut,"Storrs, CT",182K followers,
920,GE Digital,Computer Software ," San Ramon, California",211K followers
921,MIT Sloan School of Management,"Cambridge, MA",240K followers,
922,Thomson Reuters,Information Technology & Services ," Toronto, ON",1.5M followers
923,University of Massachusetts Amherst,"Amherst, Massachusetts",221K followers,
924,University of Oklahoma,"Norman, Oklahoma",184K followers,
925,DocuSign,Computer Software ," San Francisco, CA",164K followers
926,Michael Page,Staffing & Recruiting ," Addlestone, Weybridge",2.4M followers
927,University of Oregon,"Eugene, OR",162K followers,
928,University of Delaware,"Newark, DE",158K followers,
929,Wayne State University,"Detroit, mi",181K followers,
930,The University of Kansas,"Lawrence, KS",186K followers,
931,Full Sail University,"Winter Park, fl",120K followers,
932,UC Santa Barbara,"Santa Barbara, CA",208K followers,
933,United Nations OCHA,International Affairs ," New York, NY",207K followers
934,Zendesk,Computer Software ," San Francisco, CA",176K followers
935,Brown University,"Providence, Rhode Island",132K followers,
936,The University of New Mexico,"Albuquerque, nm",109K followers,
937,Philips,Hospital & Health Care ," Amsterdam, Noord-Holland",1.7M followers
938,The Economist,Publishing ," London, London",11.6M followers
939,HCL Technologies,Information Technology & Services ," Noida, Uttar Pradesh",2.1M followers
940,BBC,Broadcast Media ," London, England",1.8M followers
941,DHL,Logistics & Supply Chain , Bonn,1.4M followers
942,Weatherford,Oil & Energy , Dublin,963K followers
943,AstraZeneca,Pharmaceuticals ," Cambridge, Cambridgeshire",1.4M followers
944,Emirates,Airlines/Aviation , Dubai,2.1M followers
945,Standard Chartered Bank,Banking ," London, England",1.1M followers
946,H&M,Retail ," Stockholm, Stockholm County",1.5M followers
947,IKEA,Retail ," Delft, Zuid-Holland",1.7M followers
948,Technip,Oil & Energy,660K followers,
949,Worley,Oil & Energy ," North Sydney, NSW",738K followers
950,KPMG,Accounting ," Toronto, ON",1.8M followers
951,Diageo,Wine & Spirits , London,1M followers
952,LVMH,Luxury Goods & Jewelry , Paris,1.3M followers
953,Novo Nordisk,Pharmaceuticals , Bagsv√¶rd,959K followers
954,Saipem,Mechanical Or Industrial Engineering ," San Donato Milanese, (Milan)",988K followers
955,HeadHonchos.com,Internet ," Noida, Uttar Pradesh",605K followers
956,Larsen & Toubro,Construction ," Mumbai, Maharashtra",2.1M followers
957,CHANEL,Luxury Goods & Jewelry ," London, England",1.4M followers
958,RB,Consumer Goods ," Slough, Berkshire",788K followers
959,Louis Vuitton,Luxury Goods & Jewelry , Paris,1.4M followers
960,Statoil,Oil & Energy ," Stavanger, Rogaland",462K followers
961,Atos,Information Technology & Services , 95877 Bezons,843K followers
962,Boehringer Ingelheim,Pharmaceuticals , Ingelheim am Rhein,1.1M followers
963,Aker Solutions,Oil & Energy ," Fornebu, Akershus",497K followers
964,KLM Royal Dutch Airlines,Airlines/Aviation , Amstelveen,617K followers
965,RBS,Banking , Gogarburn,462K followers
966,Avon,Cosmetics , London,841K followers
967,Four Seasons Hotels and Resorts,Hospitality ," Toronto, Ontario",899K followers
968,Natura,Cosmetics ," S√£o Paulo, S√£o Paulo",1.7M followers
969,TAM,Airlines/Aviation ," S√£o Paulo, SP",413K followers
970,Eaton,Electrical & Electronic Manufacturing ," Dublin, Ireland",913K followers
971,Engadget,Online Media,632K followers,
972,SEPHORA,Retail ," Neuilly sur Seine, Ile de France",1.1M followers
973,Bajaj Finserv,Financial Services ," Pune, Maharashtra",634K followers
974,BlackBerry,Computer Software ," Waterloo, Ontario",284K followers
975,Odebrecht,Investment Management ," Salvador, BA",575K followers
976,Alstom Power,Oil & Energy,382K followers,
977,Tech Mahindra,Information Technology & Services ," Pune, Maharashtra",1.7M followers
978,European Commission,Government Administration , Brussels,1M followers
979,Ambev,Food & Beverages ," S√£o Paulo, SP",1.9M followers
980,Burberry,Luxury Goods & Jewelry , London,677K followers
981,Ferrari,Automotive ," Maranello, MO",1.1M followers
982,Qatar Petroleum,Oil & Energy , Doha,805K followers
983,NHS,Hospital & Health Care,342K followers,
984,Petrofac,Oil & Energy , London,835K followers
985,Etihad,Airlines/Aviation ," Abu Dhabi, Abu Dhabi",1M followers
986,Gucci,Luxury Goods & Jewelry ," Casellina di Scandicci, Florence",1.1M followers
987,InterContinental Hotels Group (IHG¬Æ),Hospitality ," Denham, Buckinghamshire",708K followers
988,Sodexo,Facilities Services , 92866 Issy les Moulineaux Cedex 9,705K followers
989,BAE Systems,Defense & Space , London,507K followers
990,Rolls-Royce,Mechanical Or Industrial Engineering ," London, England",868K followers
991,Robert Walters,Staffing & Recruiting ," London, Greater London",799K followers
992,Red Bull,Food & Beverages , Fuschl,649K followers
993,Etisalat,Telecommunications , Abu Dhabi,598K followers
994,SGS,International Trade & Development ," Geneva, Geneva",738K followers
